"Start Time","Request Type","Latency","Response Code"
"1678424973546","Post","1689","201"
"1678424973545","Post","1692","201"
"1678424973546","Post","1712","201"
"1678424973546","Post","1726","201"
"1678424973546","Post","1739","201"
"1678424973546","Post","1753","201"
"1678424973546","Post","1767","201"
"1678424973546","Post","1779","201"
"1678424973546","Post","1793","201"
"1678424973546","Post","1808","201"
"1678424973546","Post","1820","201"
"1678424973546","Post","1834","201"
"1678424973546","Post","1848","201"
"1678424973546","Post","1860","201"
"1678424973546","Post","1874","201"
"1678424973545","Post","1887","201"
"1678424973546","Post","1900","201"
"1678424973546","Post","1913","201"
"1678424973546","Post","1932","201"
"1678424973546","Post","1946","201"
"1678424973545","Post","1960","201"
"1678424973545","Post","1970","201"
"1678424973545","Post","1985","201"
"1678424973546","Post","1997","201"
"1678424973546","Post","2013","201"
"1678424973546","Post","2028","201"
"1678424973546","Post","2041","201"
"1678424973544","Post","2055","201"
"1678424973545","Post","2068","201"
"1678424973546","Post","2082","201"
"1678424973546","Post","2095","201"
"1678424973546","Post","2109","201"
"1678424973544","Post","2125","201"
"1678424973546","Post","2135","201"
"1678424973546","Post","2150","201"
"1678424973546","Post","2167","201"
"1678424973546","Post","2182","201"
"1678424973546","Post","2196","201"
"1678424973544","Post","2213","201"
"1678424973546","Post","2224","201"
"1678424973546","Post","2241","201"
"1678424973546","Post","2254","201"
"1678424973544","Post","2270","201"
"1678424973546","Post","2281","201"
"1678424973546","Post","2295","201"
"1678424973546","Post","2309","201"
"1678424973546","Post","2322","201"
"1678424973546","Post","2335","201"
"1678424973544","Post","2351","201"
"1678424973545","Post","2364","201"
"1678424973546","Post","2378","201"
"1678424973544","Post","2394","201"
"1678424973546","Post","2409","201"
"1678424973546","Post","2421","201"
"1678424973545","Post","2434","201"
"1678424973546","Post","2449","201"
"1678424973546","Post","2463","201"
"1678424973546","Post","2477","201"
"1678424973546","Post","2490","201"
"1678424973546","Post","2504","201"
"1678424973546","Post","2518","201"
"1678424973545","Post","2533","201"
"1678424973546","Post","2545","201"
"1678424973546","Post","2560","201"
"1678424973546","Post","2572","201"
"1678424973546","Post","2585","201"
"1678424973545","Post","2605","201"
"1678424973544","Post","2619","201"
"1678424973546","Post","2631","201"
"1678424973546","Post","2645","201"
"1678424973546","Post","2663","201"
"1678424973546","Post","2677","201"
"1678424973546","Post","2677","201"
"1678424973546","Post","2677","201"
"1678424973546","Post","2678","201"
"1678424973546","Post","2682","201"
"1678424973546","Post","2682","201"
"1678424973545","Post","2683","201"
"1678424973546","Post","2683","201"
"1678424973546","Post","2684","201"
"1678424973546","Post","2686","201"
"1678424973546","Post","2689","201"
"1678424973544","Post","2695","201"
"1678424973546","Post","2693","201"
"1678424973546","Post","2696","201"
"1678424973546","Post","2697","201"
"1678424973546","Post","2697","201"
"1678424973546","Post","2697","201"
"1678424973546","Post","2698","201"
"1678424973546","Post","2703","201"
"1678424973546","Post","2703","201"
"1678424973546","Post","2706","201"
"1678424973545","Post","2722","201"
"1678424973546","Post","2735","201"
"1678424973546","Post","2748","201"
"1678424973546","Post","2764","201"
"1678424973545","Post","2778","201"
"1678424973546","Post","2792","201"
"1678424973546","Post","2805","201"
"1678424973546","Post","2817","201"
